{
    "name": "Dataset888_aortic",
    "description": "Custom multi-class medical image segmentation dataset",
    "tensorImageSize": "3D",
    "reference": "Custom dataset",
    "licence": "MIT License",
    "release": "1.0",
    "channel_names": {
        "0": "CT_0"
    },
    "labels": {
        "background": 0,
        "class1": 1,
        "class2": 2,
        "class3": 3,
        "class4": 4,
        "class5": 5,
        "class6": 6,
        "class7": 7,
        "class8": 8,
        "class9": 9,
        "class10": 10
    },
    "numTraining": 586,
    "file_ending": ".nii.gz",
    "training": [
        {
            "image": "./imagesTr/case1_0000.nii.gz",
            "label": "./labelsTr/case1.nii.gz"
        },
        {
            "image": "./imagesTr/case10_0000.nii.gz",
            "label": "./labelsTr/case10.nii.gz"
        },
        {
            "image": "./imagesTr/case100_0000.nii.gz",
            "label": "./labelsTr/case100.nii.gz"
        },
        {
            "image": "./imagesTr/case101_0000.nii.gz",
            "label": "./labelsTr/case101.nii.gz"
        },
        {
            "image": "./imagesTr/case102_0000.nii.gz",
            "label": "./labelsTr/case102.nii.gz"
        },
        {
            "image": "./imagesTr/case103_0000.nii.gz",
            "label": "./labelsTr/case103.nii.gz"
        },
        {
            "image": "./imagesTr/case104_0000.nii.gz",
            "label": "./labelsTr/case104.nii.gz"
        },
        {
            "image": "./imagesTr/case105_0000.nii.gz",
            "label": "./labelsTr/case105.nii.gz"
        },
        {
            "image": "./imagesTr/case106_0000.nii.gz",
            "label": "./labelsTr/case106.nii.gz"
        },
        {
            "image": "./imagesTr/case107_0000.nii.gz",
            "label": "./labelsTr/case107.nii.gz"
        },
        {
            "image": "./imagesTr/case108_0000.nii.gz",
            "label": "./labelsTr/case108.nii.gz"
        },
        {
            "image": "./imagesTr/case109_0000.nii.gz",
            "label": "./labelsTr/case109.nii.gz"
        },
        {
            "image": "./imagesTr/case11_0000.nii.gz",
            "label": "./labelsTr/case11.nii.gz"
        },
        {
            "image": "./imagesTr/case110_0000.nii.gz",
            "label": "./labelsTr/case110.nii.gz"
        },
        {
            "image": "./imagesTr/case111_0000.nii.gz",
            "label": "./labelsTr/case111.nii.gz"
        },
        {
            "image": "./imagesTr/case112_0000.nii.gz",
            "label": "./labelsTr/case112.nii.gz"
        },
        {
            "image": "./imagesTr/case113_0000.nii.gz",
            "label": "./labelsTr/case113.nii.gz"
        },
        {
            "image": "./imagesTr/case114_0000.nii.gz",
            "label": "./labelsTr/case114.nii.gz"
        },
        {
            "image": "./imagesTr/case115_0000.nii.gz",
            "label": "./labelsTr/case115.nii.gz"
        },
        {
            "image": "./imagesTr/case116_0000.nii.gz",
            "label": "./labelsTr/case116.nii.gz"
        },
        {
            "image": "./imagesTr/case117_0000.nii.gz",
            "label": "./labelsTr/case117.nii.gz"
        },
        {
            "image": "./imagesTr/case118_0000.nii.gz",
            "label": "./labelsTr/case118.nii.gz"
        },
        {
            "image": "./imagesTr/case119_0000.nii.gz",
            "label": "./labelsTr/case119.nii.gz"
        },
        {
            "image": "./imagesTr/case12_0000.nii.gz",
            "label": "./labelsTr/case12.nii.gz"
        },
        {
            "image": "./imagesTr/case120_0000.nii.gz",
            "label": "./labelsTr/case120.nii.gz"
        },
        {
            "image": "./imagesTr/case121_0000.nii.gz",
            "label": "./labelsTr/case121.nii.gz"
        },
        {
            "image": "./imagesTr/case122_0000.nii.gz",
            "label": "./labelsTr/case122.nii.gz"
        },
        {
            "image": "./imagesTr/case123_0000.nii.gz",
            "label": "./labelsTr/case123.nii.gz"
        },
        {
            "image": "./imagesTr/case124_0000.nii.gz",
            "label": "./labelsTr/case124.nii.gz"
        },
        {
            "image": "./imagesTr/case125_0000.nii.gz",
            "label": "./labelsTr/case125.nii.gz"
        },
        {
            "image": "./imagesTr/case126_0000.nii.gz",
            "label": "./labelsTr/case126.nii.gz"
        },
        {
            "image": "./imagesTr/case127_0000.nii.gz",
            "label": "./labelsTr/case127.nii.gz"
        },
        {
            "image": "./imagesTr/case128_0000.nii.gz",
            "label": "./labelsTr/case128.nii.gz"
        },
        {
            "image": "./imagesTr/case129_0000.nii.gz",
            "label": "./labelsTr/case129.nii.gz"
        },
        {
            "image": "./imagesTr/case13_0000.nii.gz",
            "label": "./labelsTr/case13.nii.gz"
        },
        {
            "image": "./imagesTr/case130_0000.nii.gz",
            "label": "./labelsTr/case130.nii.gz"
        },
        {
            "image": "./imagesTr/case131_0000.nii.gz",
            "label": "./labelsTr/case131.nii.gz"
        },
        {
            "image": "./imagesTr/case132_0000.nii.gz",
            "label": "./labelsTr/case132.nii.gz"
        },
        {
            "image": "./imagesTr/case133_0000.nii.gz",
            "label": "./labelsTr/case133.nii.gz"
        },
        {
            "image": "./imagesTr/case134_0000.nii.gz",
            "label": "./labelsTr/case134.nii.gz"
        },
        {
            "image": "./imagesTr/case135_0000.nii.gz",
            "label": "./labelsTr/case135.nii.gz"
        },
        {
            "image": "./imagesTr/case136_0000.nii.gz",
            "label": "./labelsTr/case136.nii.gz"
        },
        {
            "image": "./imagesTr/case137_0000.nii.gz",
            "label": "./labelsTr/case137.nii.gz"
        },
        {
            "image": "./imagesTr/case138_0000.nii.gz",
            "label": "./labelsTr/case138.nii.gz"
        },
        {
            "image": "./imagesTr/case139_0000.nii.gz",
            "label": "./labelsTr/case139.nii.gz"
        },
        {
            "image": "./imagesTr/case14_0000.nii.gz",
            "label": "./labelsTr/case14.nii.gz"
        },
        {
            "image": "./imagesTr/case140_0000.nii.gz",
            "label": "./labelsTr/case140.nii.gz"
        },
        {
            "image": "./imagesTr/case141_0000.nii.gz",
            "label": "./labelsTr/case141.nii.gz"
        },
        {
            "image": "./imagesTr/case142_0000.nii.gz",
            "label": "./labelsTr/case142.nii.gz"
        },
        {
            "image": "./imagesTr/case143_0000.nii.gz",
            "label": "./labelsTr/case143.nii.gz"
        },
        {
            "image": "./imagesTr/case144_0000.nii.gz",
            "label": "./labelsTr/case144.nii.gz"
        },
        {
            "image": "./imagesTr/case145_0000.nii.gz",
            "label": "./labelsTr/case145.nii.gz"
        },
        {
            "image": "./imagesTr/case146_0000.nii.gz",
            "label": "./labelsTr/case146.nii.gz"
        },
        {
            "image": "./imagesTr/case147_0000.nii.gz",
            "label": "./labelsTr/case147.nii.gz"
        },
        {
            "image": "./imagesTr/case148_0000.nii.gz",
            "label": "./labelsTr/case148.nii.gz"
        },
        {
            "image": "./imagesTr/case149_0000.nii.gz",
            "label": "./labelsTr/case149.nii.gz"
        },
        {
            "image": "./imagesTr/case15_0000.nii.gz",
            "label": "./labelsTr/case15.nii.gz"
        },
        {
            "image": "./imagesTr/case150_0000.nii.gz",
            "label": "./labelsTr/case150.nii.gz"
        },
        {
            "image": "./imagesTr/case151_0000.nii.gz",
            "label": "./labelsTr/case151.nii.gz"
        },
        {
            "image": "./imagesTr/case152_0000.nii.gz",
            "label": "./labelsTr/case152.nii.gz"
        },
        {
            "image": "./imagesTr/case153_0000.nii.gz",
            "label": "./labelsTr/case153.nii.gz"
        },
        {
            "image": "./imagesTr/case154_0000.nii.gz",
            "label": "./labelsTr/case154.nii.gz"
        },
        {
            "image": "./imagesTr/case155_0000.nii.gz",
            "label": "./labelsTr/case155.nii.gz"
        },
        {
            "image": "./imagesTr/case156_0000.nii.gz",
            "label": "./labelsTr/case156.nii.gz"
        },
        {
            "image": "./imagesTr/case157_0000.nii.gz",
            "label": "./labelsTr/case157.nii.gz"
        },
        {
            "image": "./imagesTr/case158_0000.nii.gz",
            "label": "./labelsTr/case158.nii.gz"
        },
        {
            "image": "./imagesTr/case159_0000.nii.gz",
            "label": "./labelsTr/case159.nii.gz"
        },
        {
            "image": "./imagesTr/case16_0000.nii.gz",
            "label": "./labelsTr/case16.nii.gz"
        },
        {
            "image": "./imagesTr/case160_0000.nii.gz",
            "label": "./labelsTr/case160.nii.gz"
        },
        {
            "image": "./imagesTr/case161_0000.nii.gz",
            "label": "./labelsTr/case161.nii.gz"
        },
        {
            "image": "./imagesTr/case162_0000.nii.gz",
            "label": "./labelsTr/case162.nii.gz"
        },
        {
            "image": "./imagesTr/case163_0000.nii.gz",
            "label": "./labelsTr/case163.nii.gz"
        },
        {
            "image": "./imagesTr/case164_0000.nii.gz",
            "label": "./labelsTr/case164.nii.gz"
        },
        {
            "image": "./imagesTr/case165_0000.nii.gz",
            "label": "./labelsTr/case165.nii.gz"
        },
        {
            "image": "./imagesTr/case166_0000.nii.gz",
            "label": "./labelsTr/case166.nii.gz"
        },
        {
            "image": "./imagesTr/case167_0000.nii.gz",
            "label": "./labelsTr/case167.nii.gz"
        },
        {
            "image": "./imagesTr/case168_0000.nii.gz",
            "label": "./labelsTr/case168.nii.gz"
        },
        {
            "image": "./imagesTr/case169_0000.nii.gz",
            "label": "./labelsTr/case169.nii.gz"
        },
        {
            "image": "./imagesTr/case17_0000.nii.gz",
            "label": "./labelsTr/case17.nii.gz"
        },
        {
            "image": "./imagesTr/case170_0000.nii.gz",
            "label": "./labelsTr/case170.nii.gz"
        },
        {
            "image": "./imagesTr/case171_0000.nii.gz",
            "label": "./labelsTr/case171.nii.gz"
        },
        {
            "image": "./imagesTr/case172_0000.nii.gz",
            "label": "./labelsTr/case172.nii.gz"
        },
        {
            "image": "./imagesTr/case173_0000.nii.gz",
            "label": "./labelsTr/case173.nii.gz"
        },
        {
            "image": "./imagesTr/case174_0000.nii.gz",
            "label": "./labelsTr/case174.nii.gz"
        },
        {
            "image": "./imagesTr/case175_0000.nii.gz",
            "label": "./labelsTr/case175.nii.gz"
        },
        {
            "image": "./imagesTr/case176_0000.nii.gz",
            "label": "./labelsTr/case176.nii.gz"
        },
        {
            "image": "./imagesTr/case177_0000.nii.gz",
            "label": "./labelsTr/case177.nii.gz"
        },
        {
            "image": "./imagesTr/case178_0000.nii.gz",
            "label": "./labelsTr/case178.nii.gz"
        },
        {
            "image": "./imagesTr/case179_0000.nii.gz",
            "label": "./labelsTr/case179.nii.gz"
        },
        {
            "image": "./imagesTr/case18_0000.nii.gz",
            "label": "./labelsTr/case18.nii.gz"
        },
        {
            "image": "./imagesTr/case180_0000.nii.gz",
            "label": "./labelsTr/case180.nii.gz"
        },
        {
            "image": "./imagesTr/case181_0000.nii.gz",
            "label": "./labelsTr/case181.nii.gz"
        },
        {
            "image": "./imagesTr/case182_0000.nii.gz",
            "label": "./labelsTr/case182.nii.gz"
        },
        {
            "image": "./imagesTr/case183_0000.nii.gz",
            "label": "./labelsTr/case183.nii.gz"
        },
        {
            "image": "./imagesTr/case184_0000.nii.gz",
            "label": "./labelsTr/case184.nii.gz"
        },
        {
            "image": "./imagesTr/case185_0000.nii.gz",
            "label": "./labelsTr/case185.nii.gz"
        },
        {
            "image": "./imagesTr/case186_0000.nii.gz",
            "label": "./labelsTr/case186.nii.gz"
        },
        {
            "image": "./imagesTr/case187_0000.nii.gz",
            "label": "./labelsTr/case187.nii.gz"
        },
        {
            "image": "./imagesTr/case188_0000.nii.gz",
            "label": "./labelsTr/case188.nii.gz"
        },
        {
            "image": "./imagesTr/case189_0000.nii.gz",
            "label": "./labelsTr/case189.nii.gz"
        },
        {
            "image": "./imagesTr/case19_0000.nii.gz",
            "label": "./labelsTr/case19.nii.gz"
        },
        {
            "image": "./imagesTr/case190_0000.nii.gz",
            "label": "./labelsTr/case190.nii.gz"
        },
        {
            "image": "./imagesTr/case191_0000.nii.gz",
            "label": "./labelsTr/case191.nii.gz"
        },
        {
            "image": "./imagesTr/case192_0000.nii.gz",
            "label": "./labelsTr/case192.nii.gz"
        },
        {
            "image": "./imagesTr/case193_0000.nii.gz",
            "label": "./labelsTr/case193.nii.gz"
        },
        {
            "image": "./imagesTr/case194_0000.nii.gz",
            "label": "./labelsTr/case194.nii.gz"
        },
        {
            "image": "./imagesTr/case195_0000.nii.gz",
            "label": "./labelsTr/case195.nii.gz"
        },
        {
            "image": "./imagesTr/case196_0000.nii.gz",
            "label": "./labelsTr/case196.nii.gz"
        },
        {
            "image": "./imagesTr/case197_0000.nii.gz",
            "label": "./labelsTr/case197.nii.gz"
        },
        {
            "image": "./imagesTr/case198_0000.nii.gz",
            "label": "./labelsTr/case198.nii.gz"
        },
        {
            "image": "./imagesTr/case199_0000.nii.gz",
            "label": "./labelsTr/case199.nii.gz"
        },
        {
            "image": "./imagesTr/case2_0000.nii.gz",
            "label": "./labelsTr/case2.nii.gz"
        },
        {
            "image": "./imagesTr/case20_0000.nii.gz",
            "label": "./labelsTr/case20.nii.gz"
        },
        {
            "image": "./imagesTr/case200_0000.nii.gz",
            "label": "./labelsTr/case200.nii.gz"
        },
        {
            "image": "./imagesTr/case201_0000.nii.gz",
            "label": "./labelsTr/case201.nii.gz"
        },
        {
            "image": "./imagesTr/case202_0000.nii.gz",
            "label": "./labelsTr/case202.nii.gz"
        },
        {
            "image": "./imagesTr/case203_0000.nii.gz",
            "label": "./labelsTr/case203.nii.gz"
        },
        {
            "image": "./imagesTr/case204_0000.nii.gz",
            "label": "./labelsTr/case204.nii.gz"
        },
        {
            "image": "./imagesTr/case205_0000.nii.gz",
            "label": "./labelsTr/case205.nii.gz"
        },
        {
            "image": "./imagesTr/case206_0000.nii.gz",
            "label": "./labelsTr/case206.nii.gz"
        },
        {
            "image": "./imagesTr/case207_0000.nii.gz",
            "label": "./labelsTr/case207.nii.gz"
        },
        {
            "image": "./imagesTr/case208_0000.nii.gz",
            "label": "./labelsTr/case208.nii.gz"
        },
        {
            "image": "./imagesTr/case209_0000.nii.gz",
            "label": "./labelsTr/case209.nii.gz"
        },
        {
            "image": "./imagesTr/case21_0000.nii.gz",
            "label": "./labelsTr/case21.nii.gz"
        },
        {
            "image": "./imagesTr/case210_0000.nii.gz",
            "label": "./labelsTr/case210.nii.gz"
        },
        {
            "image": "./imagesTr/case211_0000.nii.gz",
            "label": "./labelsTr/case211.nii.gz"
        },
        {
            "image": "./imagesTr/case212_0000.nii.gz",
            "label": "./labelsTr/case212.nii.gz"
        },
        {
            "image": "./imagesTr/case213_0000.nii.gz",
            "label": "./labelsTr/case213.nii.gz"
        },
        {
            "image": "./imagesTr/case214_0000.nii.gz",
            "label": "./labelsTr/case214.nii.gz"
        },
        {
            "image": "./imagesTr/case215_0000.nii.gz",
            "label": "./labelsTr/case215.nii.gz"
        },
        {
            "image": "./imagesTr/case216_0000.nii.gz",
            "label": "./labelsTr/case216.nii.gz"
        },
        {
            "image": "./imagesTr/case217_0000.nii.gz",
            "label": "./labelsTr/case217.nii.gz"
        },
        {
            "image": "./imagesTr/case218_0000.nii.gz",
            "label": "./labelsTr/case218.nii.gz"
        },
        {
            "image": "./imagesTr/case219_0000.nii.gz",
            "label": "./labelsTr/case219.nii.gz"
        },
        {
            "image": "./imagesTr/case22_0000.nii.gz",
            "label": "./labelsTr/case22.nii.gz"
        },
        {
            "image": "./imagesTr/case220_0000.nii.gz",
            "label": "./labelsTr/case220.nii.gz"
        },
        {
            "image": "./imagesTr/case221_0000.nii.gz",
            "label": "./labelsTr/case221.nii.gz"
        },
        {
            "image": "./imagesTr/case222_0000.nii.gz",
            "label": "./labelsTr/case222.nii.gz"
        },
        {
            "image": "./imagesTr/case223_0000.nii.gz",
            "label": "./labelsTr/case223.nii.gz"
        },
        {
            "image": "./imagesTr/case224_0000.nii.gz",
            "label": "./labelsTr/case224.nii.gz"
        },
        {
            "image": "./imagesTr/case225_0000.nii.gz",
            "label": "./labelsTr/case225.nii.gz"
        },
        {
            "image": "./imagesTr/case226_0000.nii.gz",
            "label": "./labelsTr/case226.nii.gz"
        },
        {
            "image": "./imagesTr/case227_0000.nii.gz",
            "label": "./labelsTr/case227.nii.gz"
        },
        {
            "image": "./imagesTr/case228_0000.nii.gz",
            "label": "./labelsTr/case228.nii.gz"
        },
        {
            "image": "./imagesTr/case229_0000.nii.gz",
            "label": "./labelsTr/case229.nii.gz"
        },
        {
            "image": "./imagesTr/case23_0000.nii.gz",
            "label": "./labelsTr/case23.nii.gz"
        },
        {
            "image": "./imagesTr/case230_0000.nii.gz",
            "label": "./labelsTr/case230.nii.gz"
        },
        {
            "image": "./imagesTr/case231_0000.nii.gz",
            "label": "./labelsTr/case231.nii.gz"
        },
        {
            "image": "./imagesTr/case232_0000.nii.gz",
            "label": "./labelsTr/case232.nii.gz"
        },
        {
            "image": "./imagesTr/case233_0000.nii.gz",
            "label": "./labelsTr/case233.nii.gz"
        },
        {
            "image": "./imagesTr/case234_0000.nii.gz",
            "label": "./labelsTr/case234.nii.gz"
        },
        {
            "image": "./imagesTr/case235_0000.nii.gz",
            "label": "./labelsTr/case235.nii.gz"
        },
        {
            "image": "./imagesTr/case236_0000.nii.gz",
            "label": "./labelsTr/case236.nii.gz"
        },
        {
            "image": "./imagesTr/case237_0000.nii.gz",
            "label": "./labelsTr/case237.nii.gz"
        },
        {
            "image": "./imagesTr/case238_0000.nii.gz",
            "label": "./labelsTr/case238.nii.gz"
        },
        {
            "image": "./imagesTr/case239_0000.nii.gz",
            "label": "./labelsTr/case239.nii.gz"
        },
        {
            "image": "./imagesTr/case24_0000.nii.gz",
            "label": "./labelsTr/case24.nii.gz"
        },
        {
            "image": "./imagesTr/case240_0000.nii.gz",
            "label": "./labelsTr/case240.nii.gz"
        },
        {
            "image": "./imagesTr/case241_0000.nii.gz",
            "label": "./labelsTr/case241.nii.gz"
        },
        {
            "image": "./imagesTr/case242_0000.nii.gz",
            "label": "./labelsTr/case242.nii.gz"
        },
        {
            "image": "./imagesTr/case243_0000.nii.gz",
            "label": "./labelsTr/case243.nii.gz"
        },
        {
            "image": "./imagesTr/case244_0000.nii.gz",
            "label": "./labelsTr/case244.nii.gz"
        },
        {
            "image": "./imagesTr/case245_0000.nii.gz",
            "label": "./labelsTr/case245.nii.gz"
        },
        {
            "image": "./imagesTr/case246_0000.nii.gz",
            "label": "./labelsTr/case246.nii.gz"
        },
        {
            "image": "./imagesTr/case247_0000.nii.gz",
            "label": "./labelsTr/case247.nii.gz"
        },
        {
            "image": "./imagesTr/case248_0000.nii.gz",
            "label": "./labelsTr/case248.nii.gz"
        },
        {
            "image": "./imagesTr/case249_0000.nii.gz",
            "label": "./labelsTr/case249.nii.gz"
        },
        {
            "image": "./imagesTr/case25_0000.nii.gz",
            "label": "./labelsTr/case25.nii.gz"
        },
        {
            "image": "./imagesTr/case250_0000.nii.gz",
            "label": "./labelsTr/case250.nii.gz"
        },
        {
            "image": "./imagesTr/case251_0000.nii.gz",
            "label": "./labelsTr/case251.nii.gz"
        },
        {
            "image": "./imagesTr/case252_0000.nii.gz",
            "label": "./labelsTr/case252.nii.gz"
        },
        {
            "image": "./imagesTr/case253_0000.nii.gz",
            "label": "./labelsTr/case253.nii.gz"
        },
        {
            "image": "./imagesTr/case254_0000.nii.gz",
            "label": "./labelsTr/case254.nii.gz"
        },
        {
            "image": "./imagesTr/case255_0000.nii.gz",
            "label": "./labelsTr/case255.nii.gz"
        },
        {
            "image": "./imagesTr/case256_0000.nii.gz",
            "label": "./labelsTr/case256.nii.gz"
        },
        {
            "image": "./imagesTr/case257_0000.nii.gz",
            "label": "./labelsTr/case257.nii.gz"
        },
        {
            "image": "./imagesTr/case258_0000.nii.gz",
            "label": "./labelsTr/case258.nii.gz"
        },
        {
            "image": "./imagesTr/case259_0000.nii.gz",
            "label": "./labelsTr/case259.nii.gz"
        },
        {
            "image": "./imagesTr/case26_0000.nii.gz",
            "label": "./labelsTr/case26.nii.gz"
        },
        {
            "image": "./imagesTr/case260_0000.nii.gz",
            "label": "./labelsTr/case260.nii.gz"
        },
        {
            "image": "./imagesTr/case261_0000.nii.gz",
            "label": "./labelsTr/case261.nii.gz"
        },
        {
            "image": "./imagesTr/case262_0000.nii.gz",
            "label": "./labelsTr/case262.nii.gz"
        },
        {
            "image": "./imagesTr/case263_0000.nii.gz",
            "label": "./labelsTr/case263.nii.gz"
        },
        {
            "image": "./imagesTr/case264_0000.nii.gz",
            "label": "./labelsTr/case264.nii.gz"
        },
        {
            "image": "./imagesTr/case265_0000.nii.gz",
            "label": "./labelsTr/case265.nii.gz"
        },
        {
            "image": "./imagesTr/case266_0000.nii.gz",
            "label": "./labelsTr/case266.nii.gz"
        },
        {
            "image": "./imagesTr/case267_0000.nii.gz",
            "label": "./labelsTr/case267.nii.gz"
        },
        {
            "image": "./imagesTr/case268_0000.nii.gz",
            "label": "./labelsTr/case268.nii.gz"
        },
        {
            "image": "./imagesTr/case269_0000.nii.gz",
            "label": "./labelsTr/case269.nii.gz"
        },
        {
            "image": "./imagesTr/case27_0000.nii.gz",
            "label": "./labelsTr/case27.nii.gz"
        },
        {
            "image": "./imagesTr/case270_0000.nii.gz",
            "label": "./labelsTr/case270.nii.gz"
        },
        {
            "image": "./imagesTr/case271_0000.nii.gz",
            "label": "./labelsTr/case271.nii.gz"
        },
        {
            "image": "./imagesTr/case272_0000.nii.gz",
            "label": "./labelsTr/case272.nii.gz"
        },
        {
            "image": "./imagesTr/case273_0000.nii.gz",
            "label": "./labelsTr/case273.nii.gz"
        },
        {
            "image": "./imagesTr/case274_0000.nii.gz",
            "label": "./labelsTr/case274.nii.gz"
        },
        {
            "image": "./imagesTr/case275_0000.nii.gz",
            "label": "./labelsTr/case275.nii.gz"
        },
        {
            "image": "./imagesTr/case276_0000.nii.gz",
            "label": "./labelsTr/case276.nii.gz"
        },
        {
            "image": "./imagesTr/case277_0000.nii.gz",
            "label": "./labelsTr/case277.nii.gz"
        },
        {
            "image": "./imagesTr/case278_0000.nii.gz",
            "label": "./labelsTr/case278.nii.gz"
        },
        {
            "image": "./imagesTr/case279_0000.nii.gz",
            "label": "./labelsTr/case279.nii.gz"
        },
        {
            "image": "./imagesTr/case28_0000.nii.gz",
            "label": "./labelsTr/case28.nii.gz"
        },
        {
            "image": "./imagesTr/case280_0000.nii.gz",
            "label": "./labelsTr/case280.nii.gz"
        },
        {
            "image": "./imagesTr/case281_0000.nii.gz",
            "label": "./labelsTr/case281.nii.gz"
        },
        {
            "image": "./imagesTr/case282_0000.nii.gz",
            "label": "./labelsTr/case282.nii.gz"
        },
        {
            "image": "./imagesTr/case283_0000.nii.gz",
            "label": "./labelsTr/case283.nii.gz"
        },
        {
            "image": "./imagesTr/case284_0000.nii.gz",
            "label": "./labelsTr/case284.nii.gz"
        },
        {
            "image": "./imagesTr/case285_0000.nii.gz",
            "label": "./labelsTr/case285.nii.gz"
        },
        {
            "image": "./imagesTr/case286_0000.nii.gz",
            "label": "./labelsTr/case286.nii.gz"
        },
        {
            "image": "./imagesTr/case287_0000.nii.gz",
            "label": "./labelsTr/case287.nii.gz"
        },
        {
            "image": "./imagesTr/case288_0000.nii.gz",
            "label": "./labelsTr/case288.nii.gz"
        },
        {
            "image": "./imagesTr/case289_0000.nii.gz",
            "label": "./labelsTr/case289.nii.gz"
        },
        {
            "image": "./imagesTr/case29_0000.nii.gz",
            "label": "./labelsTr/case29.nii.gz"
        },
        {
            "image": "./imagesTr/case290_0000.nii.gz",
            "label": "./labelsTr/case290.nii.gz"
        },
        {
            "image": "./imagesTr/case291_0000.nii.gz",
            "label": "./labelsTr/case291.nii.gz"
        },
        {
            "image": "./imagesTr/case292_0000.nii.gz",
            "label": "./labelsTr/case292.nii.gz"
        },
        {
            "image": "./imagesTr/case293_0000.nii.gz",
            "label": "./labelsTr/case293.nii.gz"
        },
        {
            "image": "./imagesTr/case294_0000.nii.gz",
            "label": "./labelsTr/case294.nii.gz"
        },
        {
            "image": "./imagesTr/case295_0000.nii.gz",
            "label": "./labelsTr/case295.nii.gz"
        },
        {
            "image": "./imagesTr/case296_0000.nii.gz",
            "label": "./labelsTr/case296.nii.gz"
        },
        {
            "image": "./imagesTr/case297_0000.nii.gz",
            "label": "./labelsTr/case297.nii.gz"
        },
        {
            "image": "./imagesTr/case298_0000.nii.gz",
            "label": "./labelsTr/case298.nii.gz"
        },
        {
            "image": "./imagesTr/case299_0000.nii.gz",
            "label": "./labelsTr/case299.nii.gz"
        },
        {
            "image": "./imagesTr/case3_0000.nii.gz",
            "label": "./labelsTr/case3.nii.gz"
        },
        {
            "image": "./imagesTr/case30_0000.nii.gz",
            "label": "./labelsTr/case30.nii.gz"
        },
        {
            "image": "./imagesTr/case300_0000.nii.gz",
            "label": "./labelsTr/case300.nii.gz"
        },
        {
            "image": "./imagesTr/case301_0000.nii.gz",
            "label": "./labelsTr/case301.nii.gz"
        },
        {
            "image": "./imagesTr/case302_0000.nii.gz",
            "label": "./labelsTr/case302.nii.gz"
        },
        {
            "image": "./imagesTr/case303_0000.nii.gz",
            "label": "./labelsTr/case303.nii.gz"
        },
        {
            "image": "./imagesTr/case304_0000.nii.gz",
            "label": "./labelsTr/case304.nii.gz"
        },
        {
            "image": "./imagesTr/case305_0000.nii.gz",
            "label": "./labelsTr/case305.nii.gz"
        },
        {
            "image": "./imagesTr/case306_0000.nii.gz",
            "label": "./labelsTr/case306.nii.gz"
        },
        {
            "image": "./imagesTr/case307_0000.nii.gz",
            "label": "./labelsTr/case307.nii.gz"
        },
        {
            "image": "./imagesTr/case308_0000.nii.gz",
            "label": "./labelsTr/case308.nii.gz"
        },
        {
            "image": "./imagesTr/case309_0000.nii.gz",
            "label": "./labelsTr/case309.nii.gz"
        },
        {
            "image": "./imagesTr/case31_0000.nii.gz",
            "label": "./labelsTr/case31.nii.gz"
        },
        {
            "image": "./imagesTr/case310_0000.nii.gz",
            "label": "./labelsTr/case310.nii.gz"
        },
        {
            "image": "./imagesTr/case311_0000.nii.gz",
            "label": "./labelsTr/case311.nii.gz"
        },
        {
            "image": "./imagesTr/case312_0000.nii.gz",
            "label": "./labelsTr/case312.nii.gz"
        },
        {
            "image": "./imagesTr/case313_0000.nii.gz",
            "label": "./labelsTr/case313.nii.gz"
        },
        {
            "image": "./imagesTr/case314_0000.nii.gz",
            "label": "./labelsTr/case314.nii.gz"
        },
        {
            "image": "./imagesTr/case315_0000.nii.gz",
            "label": "./labelsTr/case315.nii.gz"
        },
        {
            "image": "./imagesTr/case316_0000.nii.gz",
            "label": "./labelsTr/case316.nii.gz"
        },
        {
            "image": "./imagesTr/case317_0000.nii.gz",
            "label": "./labelsTr/case317.nii.gz"
        },
        {
            "image": "./imagesTr/case318_0000.nii.gz",
            "label": "./labelsTr/case318.nii.gz"
        },
        {
            "image": "./imagesTr/case319_0000.nii.gz",
            "label": "./labelsTr/case319.nii.gz"
        },
        {
            "image": "./imagesTr/case32_0000.nii.gz",
            "label": "./labelsTr/case32.nii.gz"
        },
        {
            "image": "./imagesTr/case320_0000.nii.gz",
            "label": "./labelsTr/case320.nii.gz"
        },
        {
            "image": "./imagesTr/case321_0000.nii.gz",
            "label": "./labelsTr/case321.nii.gz"
        },
        {
            "image": "./imagesTr/case322_0000.nii.gz",
            "label": "./labelsTr/case322.nii.gz"
        },
        {
            "image": "./imagesTr/case323_0000.nii.gz",
            "label": "./labelsTr/case323.nii.gz"
        },
        {
            "image": "./imagesTr/case324_0000.nii.gz",
            "label": "./labelsTr/case324.nii.gz"
        },
        {
            "image": "./imagesTr/case325_0000.nii.gz",
            "label": "./labelsTr/case325.nii.gz"
        },
        {
            "image": "./imagesTr/case326_0000.nii.gz",
            "label": "./labelsTr/case326.nii.gz"
        },
        {
            "image": "./imagesTr/case327_0000.nii.gz",
            "label": "./labelsTr/case327.nii.gz"
        },
        {
            "image": "./imagesTr/case328_0000.nii.gz",
            "label": "./labelsTr/case328.nii.gz"
        },
        {
            "image": "./imagesTr/case329_0000.nii.gz",
            "label": "./labelsTr/case329.nii.gz"
        },
        {
            "image": "./imagesTr/case33_0000.nii.gz",
            "label": "./labelsTr/case33.nii.gz"
        },
        {
            "image": "./imagesTr/case330_0000.nii.gz",
            "label": "./labelsTr/case330.nii.gz"
        },
        {
            "image": "./imagesTr/case331_0000.nii.gz",
            "label": "./labelsTr/case331.nii.gz"
        },
        {
            "image": "./imagesTr/case332_0000.nii.gz",
            "label": "./labelsTr/case332.nii.gz"
        },
        {
            "image": "./imagesTr/case333_0000.nii.gz",
            "label": "./labelsTr/case333.nii.gz"
        },
        {
            "image": "./imagesTr/case334_0000.nii.gz",
            "label": "./labelsTr/case334.nii.gz"
        },
        {
            "image": "./imagesTr/case335_0000.nii.gz",
            "label": "./labelsTr/case335.nii.gz"
        },
        {
            "image": "./imagesTr/case336_0000.nii.gz",
            "label": "./labelsTr/case336.nii.gz"
        },
        {
            "image": "./imagesTr/case337_0000.nii.gz",
            "label": "./labelsTr/case337.nii.gz"
        },
        {
            "image": "./imagesTr/case338_0000.nii.gz",
            "label": "./labelsTr/case338.nii.gz"
        },
        {
            "image": "./imagesTr/case339_0000.nii.gz",
            "label": "./labelsTr/case339.nii.gz"
        },
        {
            "image": "./imagesTr/case34_0000.nii.gz",
            "label": "./labelsTr/case34.nii.gz"
        },
        {
            "image": "./imagesTr/case340_0000.nii.gz",
            "label": "./labelsTr/case340.nii.gz"
        },
        {
            "image": "./imagesTr/case341_0000.nii.gz",
            "label": "./labelsTr/case341.nii.gz"
        },
        {
            "image": "./imagesTr/case342_0000.nii.gz",
            "label": "./labelsTr/case342.nii.gz"
        },
        {
            "image": "./imagesTr/case343_0000.nii.gz",
            "label": "./labelsTr/case343.nii.gz"
        },
        {
            "image": "./imagesTr/case344_0000.nii.gz",
            "label": "./labelsTr/case344.nii.gz"
        },
        {
            "image": "./imagesTr/case345_0000.nii.gz",
            "label": "./labelsTr/case345.nii.gz"
        },
        {
            "image": "./imagesTr/case346_0000.nii.gz",
            "label": "./labelsTr/case346.nii.gz"
        },
        {
            "image": "./imagesTr/case347_0000.nii.gz",
            "label": "./labelsTr/case347.nii.gz"
        },
        {
            "image": "./imagesTr/case348_0000.nii.gz",
            "label": "./labelsTr/case348.nii.gz"
        },
        {
            "image": "./imagesTr/case349_0000.nii.gz",
            "label": "./labelsTr/case349.nii.gz"
        },
        {
            "image": "./imagesTr/case35_0000.nii.gz",
            "label": "./labelsTr/case35.nii.gz"
        },
        {
            "image": "./imagesTr/case350_0000.nii.gz",
            "label": "./labelsTr/case350.nii.gz"
        },
        {
            "image": "./imagesTr/case351_0000.nii.gz",
            "label": "./labelsTr/case351.nii.gz"
        },
        {
            "image": "./imagesTr/case352_0000.nii.gz",
            "label": "./labelsTr/case352.nii.gz"
        },
        {
            "image": "./imagesTr/case353_0000.nii.gz",
            "label": "./labelsTr/case353.nii.gz"
        },
        {
            "image": "./imagesTr/case354_0000.nii.gz",
            "label": "./labelsTr/case354.nii.gz"
        },
        {
            "image": "./imagesTr/case355_0000.nii.gz",
            "label": "./labelsTr/case355.nii.gz"
        },
        {
            "image": "./imagesTr/case356_0000.nii.gz",
            "label": "./labelsTr/case356.nii.gz"
        },
        {
            "image": "./imagesTr/case357_0000.nii.gz",
            "label": "./labelsTr/case357.nii.gz"
        },
        {
            "image": "./imagesTr/case358_0000.nii.gz",
            "label": "./labelsTr/case358.nii.gz"
        },
        {
            "image": "./imagesTr/case359_0000.nii.gz",
            "label": "./labelsTr/case359.nii.gz"
        },
        {
            "image": "./imagesTr/case36_0000.nii.gz",
            "label": "./labelsTr/case36.nii.gz"
        },
        {
            "image": "./imagesTr/case360_0000.nii.gz",
            "label": "./labelsTr/case360.nii.gz"
        },
        {
            "image": "./imagesTr/case361_0000.nii.gz",
            "label": "./labelsTr/case361.nii.gz"
        },
        {
            "image": "./imagesTr/case362_0000.nii.gz",
            "label": "./labelsTr/case362.nii.gz"
        },
        {
            "image": "./imagesTr/case363_0000.nii.gz",
            "label": "./labelsTr/case363.nii.gz"
        },
        {
            "image": "./imagesTr/case364_0000.nii.gz",
            "label": "./labelsTr/case364.nii.gz"
        },
        {
            "image": "./imagesTr/case365_0000.nii.gz",
            "label": "./labelsTr/case365.nii.gz"
        },
        {
            "image": "./imagesTr/case366_0000.nii.gz",
            "label": "./labelsTr/case366.nii.gz"
        },
        {
            "image": "./imagesTr/case367_0000.nii.gz",
            "label": "./labelsTr/case367.nii.gz"
        },
        {
            "image": "./imagesTr/case368_0000.nii.gz",
            "label": "./labelsTr/case368.nii.gz"
        },
        {
            "image": "./imagesTr/case369_0000.nii.gz",
            "label": "./labelsTr/case369.nii.gz"
        },
        {
            "image": "./imagesTr/case37_0000.nii.gz",
            "label": "./labelsTr/case37.nii.gz"
        },
        {
            "image": "./imagesTr/case370_0000.nii.gz",
            "label": "./labelsTr/case370.nii.gz"
        },
        {
            "image": "./imagesTr/case371_0000.nii.gz",
            "label": "./labelsTr/case371.nii.gz"
        },
        {
            "image": "./imagesTr/case372_0000.nii.gz",
            "label": "./labelsTr/case372.nii.gz"
        },
        {
            "image": "./imagesTr/case373_0000.nii.gz",
            "label": "./labelsTr/case373.nii.gz"
        },
        {
            "image": "./imagesTr/case374_0000.nii.gz",
            "label": "./labelsTr/case374.nii.gz"
        },
        {
            "image": "./imagesTr/case375_0000.nii.gz",
            "label": "./labelsTr/case375.nii.gz"
        },
        {
            "image": "./imagesTr/case376_0000.nii.gz",
            "label": "./labelsTr/case376.nii.gz"
        },
        {
            "image": "./imagesTr/case377_0000.nii.gz",
            "label": "./labelsTr/case377.nii.gz"
        },
        {
            "image": "./imagesTr/case378_0000.nii.gz",
            "label": "./labelsTr/case378.nii.gz"
        },
        {
            "image": "./imagesTr/case379_0000.nii.gz",
            "label": "./labelsTr/case379.nii.gz"
        },
        {
            "image": "./imagesTr/case38_0000.nii.gz",
            "label": "./labelsTr/case38.nii.gz"
        },
        {
            "image": "./imagesTr/case380_0000.nii.gz",
            "label": "./labelsTr/case380.nii.gz"
        },
        {
            "image": "./imagesTr/case381_0000.nii.gz",
            "label": "./labelsTr/case381.nii.gz"
        },
        {
            "image": "./imagesTr/case382_0000.nii.gz",
            "label": "./labelsTr/case382.nii.gz"
        },
        {
            "image": "./imagesTr/case383_0000.nii.gz",
            "label": "./labelsTr/case383.nii.gz"
        },
        {
            "image": "./imagesTr/case384_0000.nii.gz",
            "label": "./labelsTr/case384.nii.gz"
        },
        {
            "image": "./imagesTr/case385_0000.nii.gz",
            "label": "./labelsTr/case385.nii.gz"
        },
        {
            "image": "./imagesTr/case386_0000.nii.gz",
            "label": "./labelsTr/case386.nii.gz"
        },
        {
            "image": "./imagesTr/case387_0000.nii.gz",
            "label": "./labelsTr/case387.nii.gz"
        },
        {
            "image": "./imagesTr/case388_0000.nii.gz",
            "label": "./labelsTr/case388.nii.gz"
        },
        {
            "image": "./imagesTr/case389_0000.nii.gz",
            "label": "./labelsTr/case389.nii.gz"
        },
        {
            "image": "./imagesTr/case39_0000.nii.gz",
            "label": "./labelsTr/case39.nii.gz"
        },
        {
            "image": "./imagesTr/case390_0000.nii.gz",
            "label": "./labelsTr/case390.nii.gz"
        },
        {
            "image": "./imagesTr/case391_0000.nii.gz",
            "label": "./labelsTr/case391.nii.gz"
        },
        {
            "image": "./imagesTr/case392_0000.nii.gz",
            "label": "./labelsTr/case392.nii.gz"
        },
        {
            "image": "./imagesTr/case393_0000.nii.gz",
            "label": "./labelsTr/case393.nii.gz"
        },
        {
            "image": "./imagesTr/case394_0000.nii.gz",
            "label": "./labelsTr/case394.nii.gz"
        },
        {
            "image": "./imagesTr/case395_0000.nii.gz",
            "label": "./labelsTr/case395.nii.gz"
        },
        {
            "image": "./imagesTr/case396_0000.nii.gz",
            "label": "./labelsTr/case396.nii.gz"
        },
        {
            "image": "./imagesTr/case397_0000.nii.gz",
            "label": "./labelsTr/case397.nii.gz"
        },
        {
            "image": "./imagesTr/case398_0000.nii.gz",
            "label": "./labelsTr/case398.nii.gz"
        },
        {
            "image": "./imagesTr/case399_0000.nii.gz",
            "label": "./labelsTr/case399.nii.gz"
        },
        {
            "image": "./imagesTr/case4_0000.nii.gz",
            "label": "./labelsTr/case4.nii.gz"
        },
        {
            "image": "./imagesTr/case40_0000.nii.gz",
            "label": "./labelsTr/case40.nii.gz"
        },
        {
            "image": "./imagesTr/case400_0000.nii.gz",
            "label": "./labelsTr/case400.nii.gz"
        },
        {
            "image": "./imagesTr/case401_0000.nii.gz",
            "label": "./labelsTr/case401.nii.gz"
        },
        {
            "image": "./imagesTr/case402_0000.nii.gz",
            "label": "./labelsTr/case402.nii.gz"
        },
        {
            "image": "./imagesTr/case403_0000.nii.gz",
            "label": "./labelsTr/case403.nii.gz"
        },
        {
            "image": "./imagesTr/case404_0000.nii.gz",
            "label": "./labelsTr/case404.nii.gz"
        },
        {
            "image": "./imagesTr/case405_0000.nii.gz",
            "label": "./labelsTr/case405.nii.gz"
        },
        {
            "image": "./imagesTr/case406_0000.nii.gz",
            "label": "./labelsTr/case406.nii.gz"
        },
        {
            "image": "./imagesTr/case407_0000.nii.gz",
            "label": "./labelsTr/case407.nii.gz"
        },
        {
            "image": "./imagesTr/case408_0000.nii.gz",
            "label": "./labelsTr/case408.nii.gz"
        },
        {
            "image": "./imagesTr/case409_0000.nii.gz",
            "label": "./labelsTr/case409.nii.gz"
        },
        {
            "image": "./imagesTr/case41_0000.nii.gz",
            "label": "./labelsTr/case41.nii.gz"
        },
        {
            "image": "./imagesTr/case410_0000.nii.gz",
            "label": "./labelsTr/case410.nii.gz"
        },
        {
            "image": "./imagesTr/case411_0000.nii.gz",
            "label": "./labelsTr/case411.nii.gz"
        },
        {
            "image": "./imagesTr/case412_0000.nii.gz",
            "label": "./labelsTr/case412.nii.gz"
        },
        {
            "image": "./imagesTr/case413_0000.nii.gz",
            "label": "./labelsTr/case413.nii.gz"
        },
        {
            "image": "./imagesTr/case414_0000.nii.gz",
            "label": "./labelsTr/case414.nii.gz"
        },
        {
            "image": "./imagesTr/case415_0000.nii.gz",
            "label": "./labelsTr/case415.nii.gz"
        },
        {
            "image": "./imagesTr/case416_0000.nii.gz",
            "label": "./labelsTr/case416.nii.gz"
        },
        {
            "image": "./imagesTr/case417_0000.nii.gz",
            "label": "./labelsTr/case417.nii.gz"
        },
        {
            "image": "./imagesTr/case418_0000.nii.gz",
            "label": "./labelsTr/case418.nii.gz"
        },
        {
            "image": "./imagesTr/case419_0000.nii.gz",
            "label": "./labelsTr/case419.nii.gz"
        },
        {
            "image": "./imagesTr/case42_0000.nii.gz",
            "label": "./labelsTr/case42.nii.gz"
        },
        {
            "image": "./imagesTr/case420_0000.nii.gz",
            "label": "./labelsTr/case420.nii.gz"
        },
        {
            "image": "./imagesTr/case421_0000.nii.gz",
            "label": "./labelsTr/case421.nii.gz"
        },
        {
            "image": "./imagesTr/case422_0000.nii.gz",
            "label": "./labelsTr/case422.nii.gz"
        },
        {
            "image": "./imagesTr/case423_0000.nii.gz",
            "label": "./labelsTr/case423.nii.gz"
        },
        {
            "image": "./imagesTr/case424_0000.nii.gz",
            "label": "./labelsTr/case424.nii.gz"
        },
        {
            "image": "./imagesTr/case425_0000.nii.gz",
            "label": "./labelsTr/case425.nii.gz"
        },
        {
            "image": "./imagesTr/case426_0000.nii.gz",
            "label": "./labelsTr/case426.nii.gz"
        },
        {
            "image": "./imagesTr/case427_0000.nii.gz",
            "label": "./labelsTr/case427.nii.gz"
        },
        {
            "image": "./imagesTr/case428_0000.nii.gz",
            "label": "./labelsTr/case428.nii.gz"
        },
        {
            "image": "./imagesTr/case429_0000.nii.gz",
            "label": "./labelsTr/case429.nii.gz"
        },
        {
            "image": "./imagesTr/case43_0000.nii.gz",
            "label": "./labelsTr/case43.nii.gz"
        },
        {
            "image": "./imagesTr/case430_0000.nii.gz",
            "label": "./labelsTr/case430.nii.gz"
        },
        {
            "image": "./imagesTr/case431_0000.nii.gz",
            "label": "./labelsTr/case431.nii.gz"
        },
        {
            "image": "./imagesTr/case432_0000.nii.gz",
            "label": "./labelsTr/case432.nii.gz"
        },
        {
            "image": "./imagesTr/case433_0000.nii.gz",
            "label": "./labelsTr/case433.nii.gz"
        },
        {
            "image": "./imagesTr/case434_0000.nii.gz",
            "label": "./labelsTr/case434.nii.gz"
        },
        {
            "image": "./imagesTr/case435_0000.nii.gz",
            "label": "./labelsTr/case435.nii.gz"
        },
        {
            "image": "./imagesTr/case436_0000.nii.gz",
            "label": "./labelsTr/case436.nii.gz"
        },
        {
            "image": "./imagesTr/case437_0000.nii.gz",
            "label": "./labelsTr/case437.nii.gz"
        },
        {
            "image": "./imagesTr/case438_0000.nii.gz",
            "label": "./labelsTr/case438.nii.gz"
        },
        {
            "image": "./imagesTr/case439_0000.nii.gz",
            "label": "./labelsTr/case439.nii.gz"
        },
        {
            "image": "./imagesTr/case44_0000.nii.gz",
            "label": "./labelsTr/case44.nii.gz"
        },
        {
            "image": "./imagesTr/case440_0000.nii.gz",
            "label": "./labelsTr/case440.nii.gz"
        },
        {
            "image": "./imagesTr/case441_0000.nii.gz",
            "label": "./labelsTr/case441.nii.gz"
        },
        {
            "image": "./imagesTr/case442_0000.nii.gz",
            "label": "./labelsTr/case442.nii.gz"
        },
        {
            "image": "./imagesTr/case443_0000.nii.gz",
            "label": "./labelsTr/case443.nii.gz"
        },
        {
            "image": "./imagesTr/case444_0000.nii.gz",
            "label": "./labelsTr/case444.nii.gz"
        },
        {
            "image": "./imagesTr/case445_0000.nii.gz",
            "label": "./labelsTr/case445.nii.gz"
        },
        {
            "image": "./imagesTr/case446_0000.nii.gz",
            "label": "./labelsTr/case446.nii.gz"
        },
        {
            "image": "./imagesTr/case447_0000.nii.gz",
            "label": "./labelsTr/case447.nii.gz"
        },
        {
            "image": "./imagesTr/case448_0000.nii.gz",
            "label": "./labelsTr/case448.nii.gz"
        },
        {
            "image": "./imagesTr/case449_0000.nii.gz",
            "label": "./labelsTr/case449.nii.gz"
        },
        {
            "image": "./imagesTr/case45_0000.nii.gz",
            "label": "./labelsTr/case45.nii.gz"
        },
        {
            "image": "./imagesTr/case450_0000.nii.gz",
            "label": "./labelsTr/case450.nii.gz"
        },
        {
            "image": "./imagesTr/case451_0000.nii.gz",
            "label": "./labelsTr/case451.nii.gz"
        },
        {
            "image": "./imagesTr/case452_0000.nii.gz",
            "label": "./labelsTr/case452.nii.gz"
        },
        {
            "image": "./imagesTr/case453_0000.nii.gz",
            "label": "./labelsTr/case453.nii.gz"
        },
        {
            "image": "./imagesTr/case454_0000.nii.gz",
            "label": "./labelsTr/case454.nii.gz"
        },
        {
            "image": "./imagesTr/case455_0000.nii.gz",
            "label": "./labelsTr/case455.nii.gz"
        },
        {
            "image": "./imagesTr/case456_0000.nii.gz",
            "label": "./labelsTr/case456.nii.gz"
        },
        {
            "image": "./imagesTr/case457_0000.nii.gz",
            "label": "./labelsTr/case457.nii.gz"
        },
        {
            "image": "./imagesTr/case458_0000.nii.gz",
            "label": "./labelsTr/case458.nii.gz"
        },
        {
            "image": "./imagesTr/case459_0000.nii.gz",
            "label": "./labelsTr/case459.nii.gz"
        },
        {
            "image": "./imagesTr/case46_0000.nii.gz",
            "label": "./labelsTr/case46.nii.gz"
        },
        {
            "image": "./imagesTr/case460_0000.nii.gz",
            "label": "./labelsTr/case460.nii.gz"
        },
        {
            "image": "./imagesTr/case461_0000.nii.gz",
            "label": "./labelsTr/case461.nii.gz"
        },
        {
            "image": "./imagesTr/case462_0000.nii.gz",
            "label": "./labelsTr/case462.nii.gz"
        },
        {
            "image": "./imagesTr/case463_0000.nii.gz",
            "label": "./labelsTr/case463.nii.gz"
        },
        {
            "image": "./imagesTr/case464_0000.nii.gz",
            "label": "./labelsTr/case464.nii.gz"
        },
        {
            "image": "./imagesTr/case465_0000.nii.gz",
            "label": "./labelsTr/case465.nii.gz"
        },
        {
            "image": "./imagesTr/case466_0000.nii.gz",
            "label": "./labelsTr/case466.nii.gz"
        },
        {
            "image": "./imagesTr/case467_0000.nii.gz",
            "label": "./labelsTr/case467.nii.gz"
        },
        {
            "image": "./imagesTr/case468_0000.nii.gz",
            "label": "./labelsTr/case468.nii.gz"
        },
        {
            "image": "./imagesTr/case469_0000.nii.gz",
            "label": "./labelsTr/case469.nii.gz"
        },
        {
            "image": "./imagesTr/case47_0000.nii.gz",
            "label": "./labelsTr/case47.nii.gz"
        },
        {
            "image": "./imagesTr/case470_0000.nii.gz",
            "label": "./labelsTr/case470.nii.gz"
        },
        {
            "image": "./imagesTr/case471_0000.nii.gz",
            "label": "./labelsTr/case471.nii.gz"
        },
        {
            "image": "./imagesTr/case472_0000.nii.gz",
            "label": "./labelsTr/case472.nii.gz"
        },
        {
            "image": "./imagesTr/case473_0000.nii.gz",
            "label": "./labelsTr/case473.nii.gz"
        },
        {
            "image": "./imagesTr/case474_0000.nii.gz",
            "label": "./labelsTr/case474.nii.gz"
        },
        {
            "image": "./imagesTr/case475_0000.nii.gz",
            "label": "./labelsTr/case475.nii.gz"
        },
        {
            "image": "./imagesTr/case476_0000.nii.gz",
            "label": "./labelsTr/case476.nii.gz"
        },
        {
            "image": "./imagesTr/case477_0000.nii.gz",
            "label": "./labelsTr/case477.nii.gz"
        },
        {
            "image": "./imagesTr/case478_0000.nii.gz",
            "label": "./labelsTr/case478.nii.gz"
        },
        {
            "image": "./imagesTr/case479_0000.nii.gz",
            "label": "./labelsTr/case479.nii.gz"
        },
        {
            "image": "./imagesTr/case48_0000.nii.gz",
            "label": "./labelsTr/case48.nii.gz"
        },
        {
            "image": "./imagesTr/case480_0000.nii.gz",
            "label": "./labelsTr/case480.nii.gz"
        },
        {
            "image": "./imagesTr/case481_0000.nii.gz",
            "label": "./labelsTr/case481.nii.gz"
        },
        {
            "image": "./imagesTr/case482_0000.nii.gz",
            "label": "./labelsTr/case482.nii.gz"
        },
        {
            "image": "./imagesTr/case483_0000.nii.gz",
            "label": "./labelsTr/case483.nii.gz"
        },
        {
            "image": "./imagesTr/case484_0000.nii.gz",
            "label": "./labelsTr/case484.nii.gz"
        },
        {
            "image": "./imagesTr/case485_0000.nii.gz",
            "label": "./labelsTr/case485.nii.gz"
        },
        {
            "image": "./imagesTr/case486_0000.nii.gz",
            "label": "./labelsTr/case486.nii.gz"
        },
        {
            "image": "./imagesTr/case487_0000.nii.gz",
            "label": "./labelsTr/case487.nii.gz"
        },
        {
            "image": "./imagesTr/case488_0000.nii.gz",
            "label": "./labelsTr/case488.nii.gz"
        },
        {
            "image": "./imagesTr/case489_0000.nii.gz",
            "label": "./labelsTr/case489.nii.gz"
        },
        {
            "image": "./imagesTr/case49_0000.nii.gz",
            "label": "./labelsTr/case49.nii.gz"
        },
        {
            "image": "./imagesTr/case490_0000.nii.gz",
            "label": "./labelsTr/case490.nii.gz"
        },
        {
            "image": "./imagesTr/case491_0000.nii.gz",
            "label": "./labelsTr/case491.nii.gz"
        },
        {
            "image": "./imagesTr/case492_0000.nii.gz",
            "label": "./labelsTr/case492.nii.gz"
        },
        {
            "image": "./imagesTr/case493_0000.nii.gz",
            "label": "./labelsTr/case493.nii.gz"
        },
        {
            "image": "./imagesTr/case494_0000.nii.gz",
            "label": "./labelsTr/case494.nii.gz"
        },
        {
            "image": "./imagesTr/case495_0000.nii.gz",
            "label": "./labelsTr/case495.nii.gz"
        },
        {
            "image": "./imagesTr/case496_0000.nii.gz",
            "label": "./labelsTr/case496.nii.gz"
        },
        {
            "image": "./imagesTr/case497_0000.nii.gz",
            "label": "./labelsTr/case497.nii.gz"
        },
        {
            "image": "./imagesTr/case498_0000.nii.gz",
            "label": "./labelsTr/case498.nii.gz"
        },
        {
            "image": "./imagesTr/case499_0000.nii.gz",
            "label": "./labelsTr/case499.nii.gz"
        },
        {
            "image": "./imagesTr/case5_0000.nii.gz",
            "label": "./labelsTr/case5.nii.gz"
        },
        {
            "image": "./imagesTr/case50_0000.nii.gz",
            "label": "./labelsTr/case50.nii.gz"
        },
        {
            "image": "./imagesTr/case500_0000.nii.gz",
            "label": "./labelsTr/case500.nii.gz"
        },
        {
            "image": "./imagesTr/case501_0000.nii.gz",
            "label": "./labelsTr/case501.nii.gz"
        },
        {
            "image": "./imagesTr/case502_0000.nii.gz",
            "label": "./labelsTr/case502.nii.gz"
        },
        {
            "image": "./imagesTr/case503_0000.nii.gz",
            "label": "./labelsTr/case503.nii.gz"
        },
        {
            "image": "./imagesTr/case504_0000.nii.gz",
            "label": "./labelsTr/case504.nii.gz"
        },
        {
            "image": "./imagesTr/case505_0000.nii.gz",
            "label": "./labelsTr/case505.nii.gz"
        },
        {
            "image": "./imagesTr/case506_0000.nii.gz",
            "label": "./labelsTr/case506.nii.gz"
        },
        {
            "image": "./imagesTr/case507_0000.nii.gz",
            "label": "./labelsTr/case507.nii.gz"
        },
        {
            "image": "./imagesTr/case508_0000.nii.gz",
            "label": "./labelsTr/case508.nii.gz"
        },
        {
            "image": "./imagesTr/case509_0000.nii.gz",
            "label": "./labelsTr/case509.nii.gz"
        },
        {
            "image": "./imagesTr/case51_0000.nii.gz",
            "label": "./labelsTr/case51.nii.gz"
        },
        {
            "image": "./imagesTr/case510_0000.nii.gz",
            "label": "./labelsTr/case510.nii.gz"
        },
        {
            "image": "./imagesTr/case511_0000.nii.gz",
            "label": "./labelsTr/case511.nii.gz"
        },
        {
            "image": "./imagesTr/case512_0000.nii.gz",
            "label": "./labelsTr/case512.nii.gz"
        },
        {
            "image": "./imagesTr/case513_0000.nii.gz",
            "label": "./labelsTr/case513.nii.gz"
        },
        {
            "image": "./imagesTr/case514_0000.nii.gz",
            "label": "./labelsTr/case514.nii.gz"
        },
        {
            "image": "./imagesTr/case515_0000.nii.gz",
            "label": "./labelsTr/case515.nii.gz"
        },
        {
            "image": "./imagesTr/case516_0000.nii.gz",
            "label": "./labelsTr/case516.nii.gz"
        },
        {
            "image": "./imagesTr/case517_0000.nii.gz",
            "label": "./labelsTr/case517.nii.gz"
        },
        {
            "image": "./imagesTr/case518_0000.nii.gz",
            "label": "./labelsTr/case518.nii.gz"
        },
        {
            "image": "./imagesTr/case519_0000.nii.gz",
            "label": "./labelsTr/case519.nii.gz"
        },
        {
            "image": "./imagesTr/case52_0000.nii.gz",
            "label": "./labelsTr/case52.nii.gz"
        },
        {
            "image": "./imagesTr/case520_0000.nii.gz",
            "label": "./labelsTr/case520.nii.gz"
        },
        {
            "image": "./imagesTr/case521_0000.nii.gz",
            "label": "./labelsTr/case521.nii.gz"
        },
        {
            "image": "./imagesTr/case522_0000.nii.gz",
            "label": "./labelsTr/case522.nii.gz"
        },
        {
            "image": "./imagesTr/case523_0000.nii.gz",
            "label": "./labelsTr/case523.nii.gz"
        },
        {
            "image": "./imagesTr/case524_0000.nii.gz",
            "label": "./labelsTr/case524.nii.gz"
        },
        {
            "image": "./imagesTr/case525_0000.nii.gz",
            "label": "./labelsTr/case525.nii.gz"
        },
        {
            "image": "./imagesTr/case526_0000.nii.gz",
            "label": "./labelsTr/case526.nii.gz"
        },
        {
            "image": "./imagesTr/case527_0000.nii.gz",
            "label": "./labelsTr/case527.nii.gz"
        },
        {
            "image": "./imagesTr/case528_0000.nii.gz",
            "label": "./labelsTr/case528.nii.gz"
        },
        {
            "image": "./imagesTr/case529_0000.nii.gz",
            "label": "./labelsTr/case529.nii.gz"
        },
        {
            "image": "./imagesTr/case53_0000.nii.gz",
            "label": "./labelsTr/case53.nii.gz"
        },
        {
            "image": "./imagesTr/case530_0000.nii.gz",
            "label": "./labelsTr/case530.nii.gz"
        },
        {
            "image": "./imagesTr/case531_0000.nii.gz",
            "label": "./labelsTr/case531.nii.gz"
        },
        {
            "image": "./imagesTr/case532_0000.nii.gz",
            "label": "./labelsTr/case532.nii.gz"
        },
        {
            "image": "./imagesTr/case533_0000.nii.gz",
            "label": "./labelsTr/case533.nii.gz"
        },
        {
            "image": "./imagesTr/case534_0000.nii.gz",
            "label": "./labelsTr/case534.nii.gz"
        },
        {
            "image": "./imagesTr/case535_0000.nii.gz",
            "label": "./labelsTr/case535.nii.gz"
        },
        {
            "image": "./imagesTr/case536_0000.nii.gz",
            "label": "./labelsTr/case536.nii.gz"
        },
        {
            "image": "./imagesTr/case537_0000.nii.gz",
            "label": "./labelsTr/case537.nii.gz"
        },
        {
            "image": "./imagesTr/case538_0000.nii.gz",
            "label": "./labelsTr/case538.nii.gz"
        },
        {
            "image": "./imagesTr/case539_0000.nii.gz",
            "label": "./labelsTr/case539.nii.gz"
        },
        {
            "image": "./imagesTr/case54_0000.nii.gz",
            "label": "./labelsTr/case54.nii.gz"
        },
        {
            "image": "./imagesTr/case540_0000.nii.gz",
            "label": "./labelsTr/case540.nii.gz"
        },
        {
            "image": "./imagesTr/case541_0000.nii.gz",
            "label": "./labelsTr/case541.nii.gz"
        },
        {
            "image": "./imagesTr/case542_0000.nii.gz",
            "label": "./labelsTr/case542.nii.gz"
        },
        {
            "image": "./imagesTr/case543_0000.nii.gz",
            "label": "./labelsTr/case543.nii.gz"
        },
        {
            "image": "./imagesTr/case544_0000.nii.gz",
            "label": "./labelsTr/case544.nii.gz"
        },
        {
            "image": "./imagesTr/case545_0000.nii.gz",
            "label": "./labelsTr/case545.nii.gz"
        },
        {
            "image": "./imagesTr/case546_0000.nii.gz",
            "label": "./labelsTr/case546.nii.gz"
        },
        {
            "image": "./imagesTr/case547_0000.nii.gz",
            "label": "./labelsTr/case547.nii.gz"
        },
        {
            "image": "./imagesTr/case548_0000.nii.gz",
            "label": "./labelsTr/case548.nii.gz"
        },
        {
            "image": "./imagesTr/case549_0000.nii.gz",
            "label": "./labelsTr/case549.nii.gz"
        },
        {
            "image": "./imagesTr/case55_0000.nii.gz",
            "label": "./labelsTr/case55.nii.gz"
        },
        {
            "image": "./imagesTr/case550_0000.nii.gz",
            "label": "./labelsTr/case550.nii.gz"
        },
        {
            "image": "./imagesTr/case551_0000.nii.gz",
            "label": "./labelsTr/case551.nii.gz"
        },
        {
            "image": "./imagesTr/case552_0000.nii.gz",
            "label": "./labelsTr/case552.nii.gz"
        },
        {
            "image": "./imagesTr/case553_0000.nii.gz",
            "label": "./labelsTr/case553.nii.gz"
        },
        {
            "image": "./imagesTr/case554_0000.nii.gz",
            "label": "./labelsTr/case554.nii.gz"
        },
        {
            "image": "./imagesTr/case555_0000.nii.gz",
            "label": "./labelsTr/case555.nii.gz"
        },
        {
            "image": "./imagesTr/case556_0000.nii.gz",
            "label": "./labelsTr/case556.nii.gz"
        },
        {
            "image": "./imagesTr/case557_0000.nii.gz",
            "label": "./labelsTr/case557.nii.gz"
        },
        {
            "image": "./imagesTr/case558_0000.nii.gz",
            "label": "./labelsTr/case558.nii.gz"
        },
        {
            "image": "./imagesTr/case559_0000.nii.gz",
            "label": "./labelsTr/case559.nii.gz"
        },
        {
            "image": "./imagesTr/case56_0000.nii.gz",
            "label": "./labelsTr/case56.nii.gz"
        },
        {
            "image": "./imagesTr/case560_0000.nii.gz",
            "label": "./labelsTr/case560.nii.gz"
        },
        {
            "image": "./imagesTr/case561_0000.nii.gz",
            "label": "./labelsTr/case561.nii.gz"
        },
        {
            "image": "./imagesTr/case562_0000.nii.gz",
            "label": "./labelsTr/case562.nii.gz"
        },
        {
            "image": "./imagesTr/case563_0000.nii.gz",
            "label": "./labelsTr/case563.nii.gz"
        },
        {
            "image": "./imagesTr/case564_0000.nii.gz",
            "label": "./labelsTr/case564.nii.gz"
        },
        {
            "image": "./imagesTr/case565_0000.nii.gz",
            "label": "./labelsTr/case565.nii.gz"
        },
        {
            "image": "./imagesTr/case566_0000.nii.gz",
            "label": "./labelsTr/case566.nii.gz"
        },
        {
            "image": "./imagesTr/case567_0000.nii.gz",
            "label": "./labelsTr/case567.nii.gz"
        },
        {
            "image": "./imagesTr/case568_0000.nii.gz",
            "label": "./labelsTr/case568.nii.gz"
        },
        {
            "image": "./imagesTr/case569_0000.nii.gz",
            "label": "./labelsTr/case569.nii.gz"
        },
        {
            "image": "./imagesTr/case57_0000.nii.gz",
            "label": "./labelsTr/case57.nii.gz"
        },
        {
            "image": "./imagesTr/case570_0000.nii.gz",
            "label": "./labelsTr/case570.nii.gz"
        },
        {
            "image": "./imagesTr/case571_0000.nii.gz",
            "label": "./labelsTr/case571.nii.gz"
        },
        {
            "image": "./imagesTr/case572_0000.nii.gz",
            "label": "./labelsTr/case572.nii.gz"
        },
        {
            "image": "./imagesTr/case573_0000.nii.gz",
            "label": "./labelsTr/case573.nii.gz"
        },
        {
            "image": "./imagesTr/case574_0000.nii.gz",
            "label": "./labelsTr/case574.nii.gz"
        },
        {
            "image": "./imagesTr/case575_0000.nii.gz",
            "label": "./labelsTr/case575.nii.gz"
        },
        {
            "image": "./imagesTr/case576_0000.nii.gz",
            "label": "./labelsTr/case576.nii.gz"
        },
        {
            "image": "./imagesTr/case577_0000.nii.gz",
            "label": "./labelsTr/case577.nii.gz"
        },
        {
            "image": "./imagesTr/case578_0000.nii.gz",
            "label": "./labelsTr/case578.nii.gz"
        },
        {
            "image": "./imagesTr/case579_0000.nii.gz",
            "label": "./labelsTr/case579.nii.gz"
        },
        {
            "image": "./imagesTr/case58_0000.nii.gz",
            "label": "./labelsTr/case58.nii.gz"
        },
        {
            "image": "./imagesTr/case580_0000.nii.gz",
            "label": "./labelsTr/case580.nii.gz"
        },
        {
            "image": "./imagesTr/case581_0000.nii.gz",
            "label": "./labelsTr/case581.nii.gz"
        },
        {
            "image": "./imagesTr/case582_0000.nii.gz",
            "label": "./labelsTr/case582.nii.gz"
        },
        {
            "image": "./imagesTr/case583_0000.nii.gz",
            "label": "./labelsTr/case583.nii.gz"
        },
        {
            "image": "./imagesTr/case584_0000.nii.gz",
            "label": "./labelsTr/case584.nii.gz"
        },
        {
            "image": "./imagesTr/case585_0000.nii.gz",
            "label": "./labelsTr/case585.nii.gz"
        },
        {
            "image": "./imagesTr/case586_0000.nii.gz",
            "label": "./labelsTr/case586.nii.gz"
        },
        {
            "image": "./imagesTr/case59_0000.nii.gz",
            "label": "./labelsTr/case59.nii.gz"
        },
        {
            "image": "./imagesTr/case6_0000.nii.gz",
            "label": "./labelsTr/case6.nii.gz"
        },
        {
            "image": "./imagesTr/case60_0000.nii.gz",
            "label": "./labelsTr/case60.nii.gz"
        },
        {
            "image": "./imagesTr/case61_0000.nii.gz",
            "label": "./labelsTr/case61.nii.gz"
        },
        {
            "image": "./imagesTr/case62_0000.nii.gz",
            "label": "./labelsTr/case62.nii.gz"
        },
        {
            "image": "./imagesTr/case63_0000.nii.gz",
            "label": "./labelsTr/case63.nii.gz"
        },
        {
            "image": "./imagesTr/case64_0000.nii.gz",
            "label": "./labelsTr/case64.nii.gz"
        },
        {
            "image": "./imagesTr/case65_0000.nii.gz",
            "label": "./labelsTr/case65.nii.gz"
        },
        {
            "image": "./imagesTr/case66_0000.nii.gz",
            "label": "./labelsTr/case66.nii.gz"
        },
        {
            "image": "./imagesTr/case67_0000.nii.gz",
            "label": "./labelsTr/case67.nii.gz"
        },
        {
            "image": "./imagesTr/case68_0000.nii.gz",
            "label": "./labelsTr/case68.nii.gz"
        },
        {
            "image": "./imagesTr/case69_0000.nii.gz",
            "label": "./labelsTr/case69.nii.gz"
        },
        {
            "image": "./imagesTr/case7_0000.nii.gz",
            "label": "./labelsTr/case7.nii.gz"
        },
        {
            "image": "./imagesTr/case70_0000.nii.gz",
            "label": "./labelsTr/case70.nii.gz"
        },
        {
            "image": "./imagesTr/case71_0000.nii.gz",
            "label": "./labelsTr/case71.nii.gz"
        },
        {
            "image": "./imagesTr/case72_0000.nii.gz",
            "label": "./labelsTr/case72.nii.gz"
        },
        {
            "image": "./imagesTr/case73_0000.nii.gz",
            "label": "./labelsTr/case73.nii.gz"
        },
        {
            "image": "./imagesTr/case74_0000.nii.gz",
            "label": "./labelsTr/case74.nii.gz"
        },
        {
            "image": "./imagesTr/case75_0000.nii.gz",
            "label": "./labelsTr/case75.nii.gz"
        },
        {
            "image": "./imagesTr/case76_0000.nii.gz",
            "label": "./labelsTr/case76.nii.gz"
        },
        {
            "image": "./imagesTr/case77_0000.nii.gz",
            "label": "./labelsTr/case77.nii.gz"
        },
        {
            "image": "./imagesTr/case78_0000.nii.gz",
            "label": "./labelsTr/case78.nii.gz"
        },
        {
            "image": "./imagesTr/case79_0000.nii.gz",
            "label": "./labelsTr/case79.nii.gz"
        },
        {
            "image": "./imagesTr/case8_0000.nii.gz",
            "label": "./labelsTr/case8.nii.gz"
        },
        {
            "image": "./imagesTr/case80_0000.nii.gz",
            "label": "./labelsTr/case80.nii.gz"
        },
        {
            "image": "./imagesTr/case81_0000.nii.gz",
            "label": "./labelsTr/case81.nii.gz"
        },
        {
            "image": "./imagesTr/case82_0000.nii.gz",
            "label": "./labelsTr/case82.nii.gz"
        },
        {
            "image": "./imagesTr/case83_0000.nii.gz",
            "label": "./labelsTr/case83.nii.gz"
        },
        {
            "image": "./imagesTr/case84_0000.nii.gz",
            "label": "./labelsTr/case84.nii.gz"
        },
        {
            "image": "./imagesTr/case85_0000.nii.gz",
            "label": "./labelsTr/case85.nii.gz"
        },
        {
            "image": "./imagesTr/case86_0000.nii.gz",
            "label": "./labelsTr/case86.nii.gz"
        },
        {
            "image": "./imagesTr/case87_0000.nii.gz",
            "label": "./labelsTr/case87.nii.gz"
        },
        {
            "image": "./imagesTr/case88_0000.nii.gz",
            "label": "./labelsTr/case88.nii.gz"
        },
        {
            "image": "./imagesTr/case89_0000.nii.gz",
            "label": "./labelsTr/case89.nii.gz"
        },
        {
            "image": "./imagesTr/case9_0000.nii.gz",
            "label": "./labelsTr/case9.nii.gz"
        },
        {
            "image": "./imagesTr/case90_0000.nii.gz",
            "label": "./labelsTr/case90.nii.gz"
        },
        {
            "image": "./imagesTr/case91_0000.nii.gz",
            "label": "./labelsTr/case91.nii.gz"
        },
        {
            "image": "./imagesTr/case92_0000.nii.gz",
            "label": "./labelsTr/case92.nii.gz"
        },
        {
            "image": "./imagesTr/case93_0000.nii.gz",
            "label": "./labelsTr/case93.nii.gz"
        },
        {
            "image": "./imagesTr/case94_0000.nii.gz",
            "label": "./labelsTr/case94.nii.gz"
        },
        {
            "image": "./imagesTr/case95_0000.nii.gz",
            "label": "./labelsTr/case95.nii.gz"
        },
        {
            "image": "./imagesTr/case96_0000.nii.gz",
            "label": "./labelsTr/case96.nii.gz"
        },
        {
            "image": "./imagesTr/case97_0000.nii.gz",
            "label": "./labelsTr/case97.nii.gz"
        },
        {
            "image": "./imagesTr/case98_0000.nii.gz",
            "label": "./labelsTr/case98.nii.gz"
        },
        {
            "image": "./imagesTr/case99_0000.nii.gz",
            "label": "./labelsTr/case99.nii.gz"
        }
    ],
    "numTest": 0,
    "test": []
}